run,protocol,n,delta_left,delta_right,probability_slope,response,contribution
primary,random_pauli,32,-1,-1,-0.008626406136019343,0.60000915541313804,-0.0051759226599236777
primary,random_pauli,32,-1,0,-0.013437775238733671,0.4000061036087586,-0.0053751921144161111
primary,random_pauli,32,-1,1,-0.0010307680163421805,0,-0
primary,random_pauli,32,0,-1,-0.013011999805703948,0.4000061036087586,-0.00520487934243756
primary,random_pauli,32,0,0,0.0033949522009225504,0.2000030518043793,0.00067900080091450434
primary,random_pauli,32,0,1,0.0091658860682156187,-0.20000305180437952,-0.0018332051861343688
primary,random_pauli,32,1,-1,-0.00016326071394278958,0,-0
primary,random_pauli,32,1,0,0.0091663410728516567,-0.20000305180437952,-0.0018332961884501616
primary,random_pauli,32,1,1,0.01454303056875211,-0.60000915541313815,-0.0087259514887044042
primary,random_pauli,64,-1,-1,-0.0090730298346715938,0.60000000013969834,-0.0054438179020704436
primary,random_pauli,64,-1,0,-0.019886214158683007,0.40000000009313219,-0.0079544856653252487
primary,random_pauli,64,-1,1,0.00071572541435849582,0,0
primary,random_pauli,64,0,-1,-0.018034605719483676,0.40000000009313219,-0.0072138422894730729
primary,random_pauli,64,0,0,0.00055202644330369557,0.2000000000465661,0.00011040528868644482
primary,random_pauli,64,0,1,0.014748979005950711,-0.20000000004656632,-0.0029497958018769479
primary,random_pauli,64,1,-1,9.2973464482045483e-05,0,0
primary,random_pauli,64,1,0,0.015610077920963547,-0.20000000004656632,-0.0031220155849196133
primary,random_pauli,64,1,1,0.015274067463779788,-0.60000000013969845,-0.0091644404804016363
primary,random_pauli,128,-1,-1,-0.0091995971446901942,0.59999999999999998,-0.0055197582868141163
primary,random_pauli,128,-1,0,-0.023365450324905265,0.39999999999999991,-0.0093461801299621044
primary,random_pauli,128,-1,1,0.00098328096002075712,0,0
primary,random_pauli,128,0,-1,-0.022801012970865699,0.39999999999999991,-0.0091204051883462776
primary,random_pauli,128,0,0,-0.014644415933116406,0.19999999999999996,-0.0029288831866232808
primary,random_pauli,128,0,1,0.020955853537902597,-0.20000000000000018,-0.004191170707580523
primary,random_pauli,128,1,-1,0.0010213713664556793,0,0
primary,random_pauli,128,1,0,0.025071941720360306,-0.20000000000000018,-0.0050143883440720658
primary,random_pauli,128,1,1,0.021978028788838228,-0.60000000000000009,-0.013186817273302939
primary,random_pauli,256,-1,-1,-0.01161572843870861,0.59999999999999998,-0.0069694370632251658
primary,random_pauli,256,-1,0,-0.022689920965769571,0.39999999999999991,-0.0090759683863078262
primary,random_pauli,256,-1,1,0.0011768483170353809,0,0
primary,random_pauli,256,0,-1,-0.024625732740378971,0.39999999999999991,-0.0098502930961515862
primary,random_pauli,256,0,0,-0.013380032240909926,0.19999999999999996,-0.0026760064481819845
primary,random_pauli,256,0,1,0.023976591199632399,-0.20000000000000018,-0.0047953182399264839
primary,random_pauli,256,1,-1,0.00088928140846923588,0,0
primary,random_pauli,256,1,0,0.022249518523797404,-0.20000000000000018,-0.004449903704759485
primary,random_pauli,256,1,1,0.024019174936832657,-0.60000000000000009,-0.014411504962099596
primary,z_projective,32,-1,-1,-0.0087289907513436096,0.60000915541313804,-0.0052374743683227722
primary,z_projective,32,-1,0,-0.014697969274067336,0.4000061036087586,-0.0058792774202809294
primary,z_projective,32,-1,1,0.00013639786324067617,0,0
primary,z_projective,32,0,-1,-0.014255608190640782,0.4000061036087586,-0.0057023302869113248
primary,z_projective,32,0,0,0.00070214057664559366,0.2000030518043793,0.00014043025812480542
primary,z_projective,32,0,1,0.012634153613581198,-0.20000305180437952,-0.0025268692796815693
primary,z_projective,32,1,-1,-0.00038238484311152194,0,-0
primary,z_projective,32,1,0,0.011796329388645723,-0.20000305180437952,-0.0023593018778188353
primary,z_projective,32,1,1,0.012795931617050057,-0.60000915541313815,-0.0076776761222704755
primary,z_projective,64,-1,-1,-0.011729243985462309,0.60000000013969834,-0.0070375463929159415
primary,z_projective,64,-1,0,-0.017519689101871124,0.40000000009313219,-0.0070078756423800964
primary,z_projective,64,-1,1,0.001121353301962068,0,0
primary,z_projective,64,0,-1,-0.017623191655917976,0.40000000009313219,-0.0070492766640084768
primary,z_projective,64,0,0,-0.0054150268017176505,0.2000000000465661,-0.0010830053605956867
primary,z_projective,64,0,1,0.018395622683868646,-0.20000000004656632,-0.0036791245376303458
primary,z_projective,64,1,-1,0.00049860581241774815,0,0
primary,z_projective,64,1,0,0.016255719879484161,-0.20000000004656632,-0.0032511439766538014
primary,z_projective,64,1,1,0.016015849867236434,-0.60000000013969845,-0.0096095099225792496
primary,z_projective,128,-1,-1,-0.010998936991818538,0.59999999999999998,-0.0065993621950911222
primary,z_projective,128,-1,0,-0.021422230625777784,0.39999999999999991,-0.0085688922503111119
primary,z_projective,128,-1,1,0.00072344796332660783,0,0
primary,z_projective,128,0,-1,-0.02176550336863179,0.39999999999999991,-0.0087062013474527144
primary,z_projective,128,0,0,-0.0038503337837994794,0.19999999999999996,-0.00077006675675989566
primary,z_projective,128,0,1,0.01906449859178164,-0.20000000000000018,-0.0038128997183563313
primary,z_projective,128,1,-1,-0.0013343631187035046,0,-0
primary,z_projective,128,1,0,0.018467242982973128,-0.20000000000000018,-0.003693448596594629
primary,z_projective,128,1,1,0.02111617835064972,-0.60000000000000009,-0.012669707010389834
primary,z_projective,256,-1,-1,-0.014386753730707628,0.59999999999999998,-0.0086320522384245764
primary,z_projective,256,-1,0,-0.024194122054486747,0.39999999999999991,-0.009677648821794697
primary,z_projective,256,-1,1,-0.0013208657550206604,0,-0
primary,z_projective,256,0,-1,-0.023480009276313003,0.39999999999999991,-0.0093920037105251989
primary,z_projective,256,0,0,-0.0052250273239238306,0.19999999999999996,-0.0010450054647847659
primary,z_projective,256,0,1,0.021806907247083528,-0.20000000000000018,-0.0043613814494167097
primary,z_projective,256,1,-1,0.0007557827854206147,0,0
primary,z_projective,256,1,0,0.021511270392831985,-0.20000000000000018,-0.0043022540785664009
primary,z_projective,256,1,1,0.024532817715115739,-0.60000000000000009,-0.014719690629069446
replication,random_pauli,32,-1,-1,-0.006622807479553813,0.60000915541313804,-0.0039737451222708964
replication,random_pauli,32,-1,0,-0.017791597688217156,0.4000061036087586,-0.0071167476682383419
replication,random_pauli,32,-1,1,-0.00089056476695739987,0,-0
replication,random_pauli,32,0,-1,-0.018807067043112524,0.4000061036087586,-0.0075229416082241377
replication,random_pauli,32,0,0,0.0081128030710770661,0.2000030518043793,0.001622585372903354
replication,random_pauli,32,0,1,0.012841175397168994,-0.20000305180437952,-0.0025682742681891139
replication,random_pauli,32,1,-1,0.00073110801293555015,0,0
replication,random_pauli,32,1,0,0.012118458210002398,-0.20000305180437952,-0.0024237286251643179
replication,random_pauli,32,1,1,0.010308492286656885,-0.60000915541313815,-0.006185189750499847
replication,random_pauli,64,-1,-1,-0.011001060760425459,0.60000000013969834,-0.0066006364577921054
replication,random_pauli,64,-1,0,-0.018451032402926944,0.40000000009313219,-0.0073804129628891628
replication,random_pauli,64,-1,1,-0.00019162282879531313,0,-0
replication,random_pauli,64,0,-1,-0.019798751027073361,0.40000000009313219,-0.0079195004126732457
replication,random_pauli,64,0,0,-0.0017951339938384807,0.2000000000465661,-0.00035902679885128853
replication,random_pauli,64,0,1,0.019284225153304788,-0.20000000004656632,-0.0038568450315589527
replication,random_pauli,64,1,-1,0.00040277705247784531,0,0
replication,random_pauli,64,1,0,0.014843889358297693,-0.20000000004656632,-0.0029687778723507638
replication,random_pauli,64,1,1,0.016706709448979232,-0.60000000013969845,-0.010024025671721441
replication,random_pauli,128,-1,-1,-0.0087240252770816214,0.59999999999999998,-0.005234415166248973
replication,random_pauli,128,-1,0,-0.022656085833073498,0.39999999999999991,-0.0090624343332293966
replication,random_pauli,128,-1,1,0.0023918525776269054,0,0
replication,random_pauli,128,0,-1,-0.025840122039643636,0.39999999999999991,-0.010336048815857451
replication,random_pauli,128,0,0,-0.00021459874047125688,0.19999999999999996,-4.2919748094251368e-05
replication,random_pauli,128,0,1,0.016170176755210468,-0.20000000000000018,-0.0032340353510420966
replication,random_pauli,128,1,-1,0.0017399997096629047,0,0
replication,random_pauli,128,1,0,0.015173115715295556,-0.20000000000000018,-0.0030346231430591138
replication,random_pauli,128,1,1,0.021959687132474169,-0.60000000000000009,-0.013175812279484504
replication,random_pauli,256,-1,-1,-0.0086088219012153168,0.59999999999999998,-0.0051652931407291901
replication,random_pauli,256,-1,0,-0.022379295474838787,0.39999999999999991,-0.0089517181899355126
replication,random_pauli,256,-1,1,0.0021477741289918847,0,0
replication,random_pauli,256,0,-1,-0.022798761101520335,0.39999999999999991,-0.0091195044406081321
replication,random_pauli,256,0,0,-0.021969865150880102,0.19999999999999996,-0.0043939730301760195
replication,random_pauli,256,0,1,0.02333995108565471,-0.20000000000000018,-0.0046679902171309464
replication,random_pauli,256,1,-1,0.00048842834818596916,0,0
replication,random_pauli,256,1,0,0.025054357445841897,-0.20000000000000018,-0.0050108714891683838
replication,random_pauli,256,1,1,0.024726232619780082,-0.60000000000000009,-0.014835739571868052
replication,z_projective,32,-1,-1,-0.0071193690618967537,0.60000915541313804,-0.0042716866179030961
replication,z_projective,32,-1,0,-0.010752743764111465,0.4000061036087586,-0.0043011631361856038
replication,z_projective,32,-1,1,-0.0015018187272930409,0,-0
replication,z_projective,32,0,-1,-0.014319677825924878,0.4000061036087586,-0.0057279585320809496
replication,z_projective,32,0,0,-0.0017858565401052823,0.2000030518043793,-0.00035717675810586634
replication,z_projective,32,0,1,0.0099801251541568152,-0.20000305180437952,-0.0019960554882210166
replication,z_projective,32,1,-1,-8.9279530105114153e-05,0,-0
replication,z_projective,32,1,0,0.010325574910343159,-0.20000305180437952,-0.0020651464937033641
replication,z_projective,32,1,1,0.015263045384936561,-0.60000915541313815,-0.0091579669704481819
replication,z_projective,64,-1,-1,-0.007640176571422126,0.60000000013969834,-0.004584105943920596
replication,z_projective,64,-1,0,-0.021396315659471546,0.40000000009313219,-0.0085585262657813035
replication,z_projective,64,-1,1,-3.3846646354068711e-05,0,-0
replication,z_projective,64,0,-1,-0.019367591586883177,0.40000000009313219,-0.0077470366365570168
replication,z_projective,64,0,0,-0.00024133395961090185,0.2000000000465661,-4.8266791933418353e-05
replication,z_projective,64,0,1,0.014838951388515261,-0.20000000004656632,-0.0029677902783940475
replication,z_projective,64,1,-1,9.3686843645366671e-05,0,0
replication,z_projective,64,1,0,0.016838480891662268,-0.20000000004656632,-0.0033676961791165596
replication,z_projective,64,1,1,0.016908145299918926,-0.60000000013969845,-0.010144887182313397
replication,z_projective,128,-1,-1,-0.012436599247453771,0.59999999999999998,-0.0074619595484722622
replication,z_projective,128,-1,0,-0.019268335806533744,0.39999999999999991,-0.0077073343226134955
replication,z_projective,128,-1,1,0.00018520289486117331,0,0
replication,z_projective,128,0,-1,-0.022816553380493793,0.39999999999999991,-0.0091266213521975156
replication,z_projective,128,0,0,-0.0056170809280482381,0.19999999999999996,-0.0011234161856096474
replication,z_projective,128,0,1,0.017606952788338695,-0.20000000000000018,-0.003521390557667742
replication,z_projective,128,1,-1,0.0016745192068524039,0,0
replication,z_projective,128,1,0,0.019560495283895536,-0.20000000000000018,-0.0039120990567791105
replication,z_projective,128,1,1,0.021111399188581743,-0.60000000000000009,-0.012666839513149048
replication,z_projective,256,-1,-1,-0.012847521094593195,0.59999999999999998,-0.0077085126567559168
replication,z_projective,256,-1,0,-0.021548180400119521,0.39999999999999991,-0.0086192721600478056
replication,z_projective,256,-1,1,0.002626200221056352,0,0
replication,z_projective,256,0,-1,-0.023407748838891112,0.39999999999999991,-0.0093630995355564427
replication,z_projective,256,0,0,-0.0067601292856029468,0.19999999999999996,-0.0013520258571205891
replication,z_projective,256,0,1,0.023285715400370964,-0.20000000000000018,-0.0046571430800741971
replication,z_projective,256,1,-1,0.0021780412755926315,0,0
replication,z_projective,256,1,0,0.020188044452763093,-0.20000000000000018,-0.0040376088905526219
replication,z_projective,256,1,1,0.016285578269423735,-0.60000000000000009,-0.0097713469616542425
