run,family,n,tau,p,eligible,mean,contrast
primary,haar_z,10,6,0.08,12,0.25519717458013974,-0.2356052083490603
primary,haar_z,10,6,0.24,12,0.019591966231079436,-0.2356052083490603
primary,haar_z,10,8,0.08,12,0.2447873267622196,-0.28027967931345765
primary,haar_z,10,8,0.24,11,-0.035492352551238046,-0.28027967931345765
primary,haar_z,12,6,0.08,12,0.42792942467983036,-0.1973565128099108
primary,haar_z,12,6,0.24,12,0.23057291186991957,-0.1973565128099108
primary,haar_z,12,8,0.08,12,0.4421027304176033,-0.20936472714147622
primary,haar_z,12,8,0.24,12,0.23273800327612706,-0.20936472714147622
primary,haar_z,14,6,0.08,12,0.3015737507318951,-0.3102150611351501
primary,haar_z,14,6,0.24,12,-0.008641310403255076,-0.3102150611351501
primary,haar_z,14,8,0.08,12,0.26855532224190526,-0.3107775339097326
primary,haar_z,14,8,0.24,12,-0.04222221166782734,-0.3107775339097326
independent,haar_z,10,6,0.08,8,0.2055824877962824,-0.16728406667310283
independent,haar_z,10,6,0.24,7,0.03829842112317957,-0.16728406667310283
independent,haar_z,10,8,0.08,8,0.19758872686363133,-0.19176409393179278
independent,haar_z,10,8,0.24,8,0.00582463293183856,-0.19176409393179278
independent,haar_z,12,6,0.08,8,0.38106529396297806,-0.160286436986913
independent,haar_z,12,6,0.24,8,0.22077885697606506,-0.160286436986913
independent,haar_z,12,8,0.08,8,0.42637665801063673,-0.2398088791557677
independent,haar_z,12,8,0.24,8,0.18656777885486903,-0.2398088791557677
independent,haar_z,14,6,0.08,8,0.27105623931599204,-0.2474253811489758
independent,haar_z,14,6,0.24,8,0.023630858167016246,-0.2474253811489758
independent,haar_z,14,8,0.08,8,0.33506340867256834,-0.23802528475884355
independent,haar_z,14,8,0.24,8,0.0970381239137248,-0.23802528475884355
primary,clifford_z,10,6,0.08,12,0.1834369288568799,-0.6113162860009734
primary,clifford_z,10,6,0.24,3,-0.42787935714409353,-0.6113162860009734
primary,clifford_z,10,8,0.08,12,0.1815432290951746,-0.45304867465581045
primary,clifford_z,10,8,0.24,3,-0.2715054455606359,-0.45304867465581045
primary,clifford_z,12,8,0.08,12,0.28039515457074576,-0.21190432122263897
primary,clifford_z,12,8,0.24,3,0.06849083334810681,-0.21190432122263897
primary,clifford_z,14,6,0.08,12,0.17342925181201138,-0.34588040266263587
primary,clifford_z,14,6,0.24,7,-0.1724511508506245,-0.34588040266263587
independent,clifford_z,10,6,0.08,8,0.19875702258697633,-0.4335666181402577
independent,clifford_z,10,6,0.24,3,-0.23480959555328138,-0.4335666181402577
independent,clifford_z,10,8,0.08,7,0.09839973837213765,-0.41558267198486787
independent,clifford_z,10,8,0.24,4,-0.3171829336127302,-0.41558267198486787
independent,clifford_z,12,8,0.08,8,0.3371209868336795,-0.244708291062105
independent,clifford_z,12,8,0.24,4,0.0924126957715745,-0.244708291062105
independent,clifford_z,14,6,0.08,8,0.16283103512330488,-0.18313480801137766
independent,clifford_z,14,6,0.24,3,-0.02030377288807279,-0.18313480801137766
primary,floquet_cartan_z,10,6,0.08,12,0.277171174584242,-0.20772941758675956
primary,floquet_cartan_z,10,6,0.24,11,0.06944175699748245,-0.20772941758675956
primary,floquet_cartan_z,10,8,0.08,12,0.3101138404374791,-0.2102047798720823
primary,floquet_cartan_z,10,8,0.24,12,0.09990906056539678,-0.2102047798720823
primary,floquet_cartan_z,12,6,0.08,12,0.3108927329024959,-0.20675566489703429
primary,floquet_cartan_z,12,6,0.24,12,0.10413706800546162,-0.20675566489703429
primary,floquet_cartan_z,12,8,0.08,12,0.2693932311593533,-0.13488623192510252
primary,floquet_cartan_z,12,8,0.24,11,0.1345069992342508,-0.13488623192510252
primary,floquet_cartan_z,14,6,0.08,12,0.30416926551995266,-0.22287521296876017
primary,floquet_cartan_z,14,6,0.24,12,0.08129405255119247,-0.22287521296876017
primary,floquet_cartan_z,14,8,0.08,12,0.3621598047789068,-0.26603231533262245
primary,floquet_cartan_z,14,8,0.24,12,0.09612748944628434,-0.26603231533262245
independent,floquet_cartan_z,10,6,0.08,8,0.2770621968625837,-0.1296978843141134
independent,floquet_cartan_z,10,6,0.24,7,0.14736431254847032,-0.1296978843141134
independent,floquet_cartan_z,10,8,0.08,8,0.26630112835696773,-0.192386428452564
independent,floquet_cartan_z,10,8,0.24,7,0.07391469990440372,-0.192386428452564
independent,floquet_cartan_z,12,6,0.08,8,0.30039994205051057,-0.2093431747502441
independent,floquet_cartan_z,12,6,0.24,8,0.09105676730026645,-0.2093431747502441
independent,floquet_cartan_z,12,8,0.08,8,0.33471478720158776,-0.21709769752988098
independent,floquet_cartan_z,12,8,0.24,8,0.11761708967170678,-0.21709769752988098
independent,floquet_cartan_z,14,6,0.08,8,0.3289907611887057,-0.18260547600662064
independent,floquet_cartan_z,14,6,0.24,8,0.14638528518208505,-0.18260547600662064
independent,floquet_cartan_z,14,8,0.08,8,0.2788022859963479,-0.17753614204425416
independent,floquet_cartan_z,14,8,0.24,8,0.10126614395209373,-0.17753614204425416
primary,haar_random_pauli,10,6,0.08,12,0.2254122763604213,-0.1812154920429121
primary,haar_random_pauli,10,6,0.24,11,0.04419678431750919,-0.1812154920429121
primary,haar_random_pauli,10,8,0.08,12,0.2397325002952886,-0.1976866623232482
primary,haar_random_pauli,10,8,0.24,12,0.04204583797204039,-0.1976866623232482
primary,haar_random_pauli,12,6,0.08,12,0.3662426842936801,-0.12181632536719747
primary,haar_random_pauli,12,6,0.24,12,0.24442635892648265,-0.12181632536719747
primary,haar_random_pauli,12,8,0.08,12,0.3683507594074021,-0.14311902457828427
primary,haar_random_pauli,12,8,0.24,12,0.22523173482911782,-0.14311902457828427
primary,haar_random_pauli,14,6,0.08,12,0.2858553377200853,-0.23565418701177232
primary,haar_random_pauli,14,6,0.24,12,0.050201150708313,-0.23565418701177232
primary,haar_random_pauli,14,8,0.08,12,0.25673700109446684,-0.24944477139571566
primary,haar_random_pauli,14,8,0.24,12,0.00729222969875118,-0.24944477139571566
independent,haar_random_pauli,10,6,0.08,8,0.17682926576759966,-0.13243263394663884
independent,haar_random_pauli,10,6,0.24,8,0.04439663182096083,-0.13243263394663884
independent,haar_random_pauli,10,8,0.08,8,0.29501937854606936,-0.22989475381374444
independent,haar_random_pauli,10,8,0.24,8,0.06512462473232491,-0.22989475381374444
independent,haar_random_pauli,12,6,0.08,8,0.46594544443623115,-0.18380282527682695
independent,haar_random_pauli,12,6,0.24,8,0.2821426191594042,-0.18380282527682695
independent,haar_random_pauli,12,8,0.08,8,0.40878835293009164,-0.16817053420011072
independent,haar_random_pauli,12,8,0.24,8,0.24061781872998092,-0.16817053420011072
independent,haar_random_pauli,14,6,0.08,8,0.2858274867693097,-0.2849784929149311
independent,haar_random_pauli,14,6,0.24,8,0.0008489938543785941,-0.2849784929149311
independent,haar_random_pauli,14,8,0.08,8,0.26439502454414743,-0.18687161876498282
independent,haar_random_pauli,14,8,0.24,8,0.0775234057791646,-0.18687161876498282
primary,haar_weak_z_eta06,10,6,0.08,12,0.312514541555541,-0.18218603093913782
primary,haar_weak_z_eta06,10,6,0.24,12,0.13032851061640316,-0.18218603093913782
primary,haar_weak_z_eta06,10,8,0.08,12,0.29770925770258855,-0.2119450213418581
primary,haar_weak_z_eta06,10,8,0.24,12,0.08576423636073043,-0.2119450213418581
primary,haar_weak_z_eta06,12,6,0.08,12,0.4426199008603621,-0.1412832451213909
primary,haar_weak_z_eta06,12,6,0.24,12,0.3013366557389712,-0.1412832451213909
primary,haar_weak_z_eta06,12,8,0.08,12,0.4538736147480453,-0.15514229817903447
primary,haar_weak_z_eta06,12,8,0.24,12,0.2987313165690108,-0.15514229817903447
primary,haar_weak_z_eta06,14,6,0.08,12,0.4022274263319712,-0.17836357912490083
primary,haar_weak_z_eta06,14,6,0.24,12,0.2238638472070704,-0.17836357912490083
primary,haar_weak_z_eta06,14,8,0.08,12,0.3802270575065764,-0.22660599236141266
primary,haar_weak_z_eta06,14,8,0.24,12,0.15362106514516377,-0.22660599236141266
independent,haar_weak_z_eta06,10,6,0.08,8,0.29794898782352114,-0.21407307431703831
independent,haar_weak_z_eta06,10,6,0.24,8,0.08387591350648281,-0.21407307431703831
independent,haar_weak_z_eta06,10,8,0.08,8,0.2789573689250685,-0.23514557245326298
independent,haar_weak_z_eta06,10,8,0.24,8,0.04381179647180552,-0.23514557245326298
independent,haar_weak_z_eta06,12,6,0.08,8,0.4588556244668819,-0.1091019923965369
independent,haar_weak_z_eta06,12,6,0.24,8,0.349753632070345,-0.1091019923965369
independent,haar_weak_z_eta06,12,8,0.08,8,0.4531291531980393,-0.10496018324243522
independent,haar_weak_z_eta06,12,8,0.24,8,0.3481689699556041,-0.10496018324243522
independent,haar_weak_z_eta06,14,6,0.08,8,0.3523557699702618,-0.2092378525373521
independent,haar_weak_z_eta06,14,6,0.24,8,0.1431179174329097,-0.2092378525373521
independent,haar_weak_z_eta06,14,8,0.08,8,0.3662018598703904,-0.19632747485905191
independent,haar_weak_z_eta06,14,8,0.24,8,0.16987438501133847,-0.19632747485905191
