source,line,target,status
README.md,7,docs/DIALOGUE_REPORT.md,exists
README.md,7,docs/DIALOGUE_QUESTION_MAP.md,exists
README.md,7,docs/EVIDENCE_REASSESSMENT.md,exists
README.md,13,figures/core_svg/figure_01_panel_b.svg,exists
README.md,15,docs/FIGURE1_UNCERTAINTY.md,exists
README.md,35,docs/THEORY.md,exists
README.md,41,figures/core_svg/figure_03_size_scaling.svg,exists
README.md,43,docs/EVIDENCE_REASSESSMENT.md,exists
README.md,47,docs/THEORY.md#5-one-measurement-corollary,fragment_exists
README.md,54,docs/FIGURE_BASELINE.md,exists
README.md,54,docs/EVIDENCE_REASSESSMENT.md,exists
README.md,60,data/record_bundle_manifest.json,exists
README.md,72,data/processed/core_figures/,exists
README.md,72,scripts/figures/,exists
README.md,72,docs/FIGURE_BASELINE.md,exists
README.md,74,docs/REPRODUCTION.md,exists
README.md,80,docs/DIALOGUE_REPORT.md,exists
README.md,81,docs/DIALOGUE_QUESTION_MAP.md,exists
README.md,82,docs/SCIENTIFIC_STORY.md,exists
README.md,83,docs/EVIDENCE_REASSESSMENT.md,exists
README.md,84,docs/THEORY.md,exists
README.md,85,docs/NUMERICAL_METHODS.md,exists
README.md,86,docs/CODE_MAP.md,exists
README.md,87,docs/FIGURE_BASELINE.md,exists
README.md,88,docs/DATA_POLICY.md,exists
README.md,90,docs/RESEARCH_HISTORY.md,exists
README.md,90,studies/,exists
README.md,92,CITATION.cff,exists
README.md,92,LICENSE_STATUS.md,exists
README.md,94,docs/REPRODUCIBILITY_LIMITS.md,exists
README.md,31,figures/core_svg/figure_02_response_matrix.svg,exists
README.md,32,figures/core_svg/figure_02_redistribution_matrix.svg,exists
README.md,50,figures/core_svg/figure_04_distance_decay.svg,exists
README.md,51,figures/core_svg/figure_04_conditioning_contrast.svg,exists
data/README.md,5,../docs/DATA_POLICY.md,exists
data/README.md,5,../docs/REPRODUCTION.md,exists
docs/00_START_HERE.md,3,PROJECT_GUIDE.md,exists
docs/00_START_HERE.md,5,SCIENTIFIC_STORY.md,exists
docs/00_START_HERE.md,5,DIALOGUE_REPORT.md,exists
docs/00_START_HERE.md,5,THEORY.md,exists
docs/00_START_HERE.md,5,NUMERICAL_METHODS.md,exists
docs/00_START_HERE.md,5,EVIDENCE_REASSESSMENT.md,exists
docs/00_START_HERE.md,9,DATA_POLICY.md,exists
docs/00_START_HERE.md,9,REPRODUCTION.md,exists
docs/00_START_HERE.md,9,CODE_MAP.md,exists
docs/CLAIM_EVIDENCE_MAP.md,3,../results/core_claims.csv,exists
docs/CLAIM_EVIDENCE_MAP.md,3,DIALOGUE_REPORT.md,exists
docs/CLAIM_EVIDENCE_MAP.md,7,THEORY.md,exists
docs/CLAIM_EVIDENCE_MAP.md,7,../data/processed/core_figures/figure_01_panel_b.csv,exists
docs/CLAIM_EVIDENCE_MAP.md,7,FIGURE1_UNCERTAINTY.md,exists
docs/CLAIM_EVIDENCE_MAP.md,8,THEORY.md,exists
docs/CLAIM_EVIDENCE_MAP.md,8,../data/processed/core_figures/figure_02_boundary_codes.csv,exists
docs/CLAIM_EVIDENCE_MAP.md,9,NUMERICAL_METHODS.md,exists
docs/CLAIM_EVIDENCE_MAP.md,9,../data/processed/core_figures/figure_03_size_scaling.csv,exists
docs/CLAIM_EVIDENCE_MAP.md,9,../results/evidence_reassessment/finite_size_replay.csv,exists
docs/CLAIM_EVIDENCE_MAP.md,10,NUMERICAL_METHODS.md,exists
docs/CLAIM_EVIDENCE_MAP.md,10,../data/processed/core_figures/figure_03_size_scaling.csv,exists
docs/CLAIM_EVIDENCE_MAP.md,11,EVIDENCE_REASSESSMENT.md,exists
docs/CLAIM_EVIDENCE_MAP.md,11,../data/processed/core_figures/figure_04_conditioning_contrast.csv,exists
docs/CLAIM_EVIDENCE_MAP.md,12,THEORY.md#5-one-measurement-corollary,fragment_exists
docs/CLAIM_EVIDENCE_MAP.md,26,REPRODUCIBILITY_LIMITS.md,exists
docs/CLAIM_EVIDENCE_MAP.md,26,RELATED_WORK.md,exists
docs/CODE_MAP.md,18,REPRODUCTION.md,exists
docs/CODE_MAP.md,18,../data/record_bundle_manifest.json,exists
docs/CODE_MAP.md,20,REPRODUCIBILITY_LIMITS.md,exists
docs/CODE_MAP.md,24,FIGURE1_UNCERTAINTY.md,exists
docs/DATA_POLICY.md,3,../data/record_bundle_manifest.json,exists
docs/DATA_POLICY.md,7,../studies/,exists
docs/DATA_POLICY.md,17,../provenance/current_baseline_sha256.json,exists
docs/DATA_POLICY.md,19,../results/historical_fit/,exists
docs/DATA_POLICY.md,23,../LICENSE_STATUS.md,exists
docs/DATA_POLICY.md,27,FIGURE1_UNCERTAINTY.md,exists
docs/DIALOGUE_REPORT.md,99,../figures/core/figure_01_panel_b.png,exists
docs/DIALOGUE_REPORT.md,101,FIGURE1_UNCERTAINTY.md,exists
docs/DIALOGUE_REPORT.md,195,../figures/core/figure_03_size_scaling.png,exists
docs/DIALOGUE_REPORT.md,482,FIGURE1_UNCERTAINTY.md,exists
docs/DIALOGUE_REPORT.md,494,../data/processed/core_figures/,exists
docs/DIALOGUE_REPORT.md,496,THEORY.md,exists
docs/DIALOGUE_REPORT.md,498,NUMERICAL_METHODS.md,exists
docs/DIALOGUE_REPORT.md,498,RUN_HISTORY.md,exists
docs/DIALOGUE_REPORT.md,500,EVIDENCE_REASSESSMENT.md,exists
docs/DIALOGUE_REPORT.md,500,../results/evidence_reassessment/,exists
docs/DIALOGUE_REPORT.md,500,../scripts/analysis/reassess_evidence.py,exists
docs/DIALOGUE_REPORT.md,502,CODE_MAP.md,exists
docs/DIALOGUE_REPORT.md,502,../results/core_claims.csv,exists
docs/DIALOGUE_REPORT.md,502,REPRODUCTION.md,exists
docs/DIALOGUE_REPORT.md,502,../tests/,exists
docs/DIALOGUE_REPORT.md,504,../studies/figure_design/,exists
docs/DIALOGUE_REPORT.md,504,../data/record_bundle_manifest.json,exists
docs/DIALOGUE_REPORT.md,504,DIALOGUE_QUESTION_MAP.md,exists
docs/DIALOGUE_REPORT.md,508,../studies/checkpoint_04/,exists
docs/DIALOGUE_REPORT.md,510,../studies/checkpoint_05/,exists
docs/DIALOGUE_REPORT.md,512,RELATED_WORK.md,exists
docs/DIALOGUE_REPORT.md,161,../figures/core/figure_02_response_matrix.png,exists
docs/DIALOGUE_REPORT.md,162,../figures/core/figure_02_redistribution_matrix.png,exists
docs/DIALOGUE_REPORT.md,236,../figures/core/figure_04_distance_decay.png,exists
docs/DIALOGUE_REPORT.md,237,../figures/core/figure_04_conditioning_contrast.png,exists
docs/EDITORIAL_POLICY.md,9,../figures/PALETTE.md,exists
docs/EVIDENCE_REASSESSMENT.md,3,FIGURE_BASELINE.md,exists
docs/EVIDENCE_REASSESSMENT.md,100,../results/evidence_reassessment/,exists
docs/EVIDENCE_REASSESSMENT.md,100,DATA_POLICY.md,exists
docs/FAQ.md,9,NUMERICAL_METHODS.md,exists
docs/FAQ.md,13,SCIENTIFIC_STORY.md,exists
docs/FAQ.md,21,EVIDENCE_REASSESSMENT.md,exists
docs/FAQ.md,33,THEORY.md#5-one-measurement-corollary,fragment_exists
docs/FAQ.md,61,REPRODUCIBILITY_LIMITS.md,exists
docs/FIGURE1_UNCERTAINTY.md,3,../figures/PALETTE.md,exists
docs/FIGURE1_UNCERTAINTY.md,11,../analysis_plans/figure1_uncertainty_2026-09-08.json,exists
docs/FIGURE1_UNCERTAINTY.md,27,../results/figure1_uncertainty/,exists
docs/FIGURE1_UNCERTAINTY.md,27,../provenance/FIGURE1_ADOPTION_2026-09-08.json,exists
docs/FIGURE1_UNCERTAINTY.md,31,../results/historical_figure1/,exists
docs/FIGURE1_UNCERTAINTY.md,31,FIGURE1_UNCERTAINTY_REVIEW.md,exists
docs/FIGURE1_UNCERTAINTY.md,35,FIGURE1_CAPTION.md,exists
docs/FIGURE1_UNCERTAINTY_PLAN.md,3,FIGURE1_UNCERTAINTY.md,exists
docs/FIGURE1_UNCERTAINTY_REVIEW.md,3,FIGURE1_UNCERTAINTY.md,exists
docs/FIGURE1_UNCERTAINTY_REVIEW.md,7,../results/figure1_uncertainty_review/figure_01_candidate_intervals.csv,exists
docs/FIGURE1_UNCERTAINTY_REVIEW.md,19,FIGURE1_UNCERTAINTY_PLAN.md,exists
docs/FIGURE1_UNCERTAINTY_REVIEW.md,19,../analysis_plans/figure1_uncertainty_2026-09-08.json,exists
docs/FIGURE1_UNCERTAINTY_REVIEW.md,52,../scripts/analysis/verify_figure1_uncertainty.py,exists
docs/FIGURE1_UNCERTAINTY_REVIEW.md,52,../scripts/analysis/complete_figure1_uncertainty.py,exists
docs/FIGURE_BASELINE.md,5,../figures/PALETTE.md,exists
docs/FIGURE_BASELINE.md,9,FIGURE1_UNCERTAINTY.md,exists
docs/FIGURE_BASELINE.md,9,FIGURE1_CAPTION.md,exists
docs/FIGURE_BASELINE.md,15,DIALOGUE_REPORT.md,exists
docs/FIGURE_BASELINE.md,15,DIALOGUE_QUESTION_MAP.md,exists
docs/FIGURE_BASELINE.md,23,EVIDENCE_REASSESSMENT.md,exists
docs/NOTATION.md,23,THEORY.md,exists
docs/NOTATION.md,23,NUMERICAL_METHODS.md,exists
docs/NOTATION.md,23,DIALOGUE_REPORT.md,exists
docs/NOTATION.md,23,CLAIM_EVIDENCE_MAP.md,exists
docs/NUMERICAL_METHODS.md,218,EVIDENCE_REASSESSMENT.md,exists
docs/NUMERICAL_METHODS.md,223,THEORY.md#5-one-measurement-corollary,fragment_exists
docs/NUMERICAL_METHODS.md,235,FIGURE1_UNCERTAINTY.md,exists
docs/PROJECT_GUIDE.md,7,SCIENTIFIC_STORY.md,exists
docs/PROJECT_GUIDE.md,7,DIALOGUE_REPORT.md,exists
docs/PROJECT_GUIDE.md,7,DIALOGUE_QUESTION_MAP.md,exists
docs/PROJECT_GUIDE.md,7,../figures/README.md,exists
docs/PROJECT_GUIDE.md,11,NOTATION.md,exists
docs/PROJECT_GUIDE.md,11,THEORY.md,exists
docs/PROJECT_GUIDE.md,11,CLAIM_EVIDENCE_MAP.md,exists
docs/PROJECT_GUIDE.md,11,NUMERICAL_METHODS.md,exists
docs/PROJECT_GUIDE.md,11,EVIDENCE_REASSESSMENT.md,exists
docs/PROJECT_GUIDE.md,11,SCOPE_AND_LIMITATIONS.md,exists
docs/PROJECT_GUIDE.md,15,REPRODUCTION.md,exists
docs/PROJECT_GUIDE.md,15,CODE_MAP.md,exists
docs/PROJECT_GUIDE.md,17,DATA_POLICY.md,exists
docs/PROJECT_GUIDE.md,17,../data/record_bundle_manifest.json,exists
docs/PROJECT_GUIDE.md,17,REPRODUCIBILITY_LIMITS.md,exists
docs/PROJECT_GUIDE.md,17,FIGURE1_UNCERTAINTY.md,exists
docs/PROJECT_GUIDE.md,23,RELATED_WORK.md,exists
docs/PROJECT_GUIDE.md,25,../CITATION.cff,exists
docs/PROJECT_GUIDE.md,25,../LICENSE_STATUS.md,exists
docs/PROJECT_GUIDE.md,25,../provenance/PUBLIC_RELEASE_CHECKLIST.md,exists
docs/PROJECT_GUIDE.md,29,RESEARCH_HISTORY.md,exists
docs/PROJECT_GUIDE.md,29,RUN_HISTORY.md,exists
docs/PROJECT_GUIDE.md,29,../provenance/README.md,exists
docs/RELATED_WORK.md,20,CLAIM_EVIDENCE_MAP.md,exists
docs/REPRODUCIBILITY_LIMITS.md,5,FIGURE1_UNCERTAINTY.md,exists
docs/REPRODUCIBILITY_LIMITS.md,11,../results/historical_figure1/,exists
docs/REPRODUCTION.md,32,FIGURE1_UNCERTAINTY.md,exists
docs/REPRODUCTION.md,69,EVIDENCE_REASSESSMENT.md,exists
docs/REPRODUCTION.md,71,REPRODUCIBILITY_LIMITS.md,exists
docs/RESULTS_AT_A_GLANCE.md,3,FIGURE1_UNCERTAINTY.md,exists
docs/RESULTS_AT_A_GLANCE.md,3,EVIDENCE_REASSESSMENT.md,exists
docs/RESULTS_AT_A_GLANCE.md,17,../data/processed/core_figures/figure_01_panel_b.csv,exists
docs/RESULTS_AT_A_GLANCE.md,25,THEORY.md,exists
docs/RESULTS_AT_A_GLANCE.md,38,../results/evidence_reassessment/finite_size_replay.csv,exists
docs/RESULTS_AT_A_GLANCE.md,38,../results/evidence_reassessment/finite_size_model_sensitivity.csv,exists
docs/RESULTS_AT_A_GLANCE.md,42,THEORY.md#5-one-measurement-corollary,fragment_exists
docs/RESULTS_AT_A_GLANCE.md,48,../results/historical_fit/figure_04_distance_fit.json,exists
docs/RESULTS_AT_A_GLANCE.md,48,EVIDENCE_REASSESSMENT.md,exists
docs/SCIENTIFIC_STORY.md,3,DIALOGUE_REPORT.md,exists
docs/SCIENTIFIC_STORY.md,3,DIALOGUE_QUESTION_MAP.md,exists
docs/SCIENTIFIC_STORY.md,19,THEORY.md,exists
docs/SCIENTIFIC_STORY.md,37,EVIDENCE_REASSESSMENT.md,exists
docs/SCIENTIFIC_STORY.md,37,FIGURE_BASELINE.md,exists
docs/SCOPE_AND_LIMITATIONS.md,18,EVIDENCE_REASSESSMENT.md,exists
docs/SCOPE_AND_LIMITATIONS.md,20,REPRODUCIBILITY_LIMITS.md,exists
docs/THEORY.md,3,DIALOGUE_REPORT.md,exists
docs/THEORY.md,3,CLAIM_EVIDENCE_MAP.md,exists
docs/THEORY.md,3,RELATED_WORK.md,exists
docs/THEORY.md,492,EVIDENCE_REASSESSMENT.md,exists
docs/VALIDATION.md,10,REPRODUCTION.md,exists
docs/VALIDATION.md,12,REPRODUCIBILITY_LIMITS.md,exists
docs/VALIDATION.md,16,FIGURE1_UNCERTAINTY.md,exists
figures/PALETTE.md,19,../provenance/FIGURE_PALETTE_2026-09-08.json,exists
figures/README.md,3,../docs/DIALOGUE_REPORT.md,exists
figures/README.md,3,../docs/FIGURE_BASELINE.md,exists
figures/README.md,7,core/figure_01_panel_b.pdf,exists
figures/README.md,7,../data/processed/core_figures/figure_01_panel_b.csv,exists
figures/README.md,8,core/figure_02_response_matrix.pdf,exists
figures/README.md,8,core/figure_02_redistribution_matrix.pdf,exists
figures/README.md,8,../data/processed/core_figures/figure_02_boundary_codes.csv,exists
figures/README.md,9,core/figure_03_size_scaling.pdf,exists
figures/README.md,9,../data/processed/core_figures/figure_03_size_scaling.csv,exists
figures/README.md,10,core/figure_04_distance_decay.pdf,exists
figures/README.md,10,core/figure_04_conditioning_contrast.pdf,exists
figures/README.md,10,../data/processed/core_figures/figure_04_distance_decay.csv,exists
figures/README.md,10,../data/processed/core_figures/figure_04_conditioning_contrast.csv,exists
figures/README.md,12,PALETTE.md,exists
figures/README.md,18,core_svg/figure_01_panel_b.svg,exists
figures/README.md,22,core_svg/figure_02_response_matrix.svg,exists
figures/README.md,24,core_svg/figure_02_redistribution_matrix.svg,exists
figures/README.md,28,core_svg/figure_03_size_scaling.svg,exists
figures/README.md,32,core_svg/figure_04_distance_decay.svg,exists
figures/README.md,34,core_svg/figure_04_conditioning_contrast.svg,exists
figures/README.md,38,../docs/REPRODUCTION.md,exists
figures/README.md,40,../provenance/current_baseline_sha256.json,exists
provenance/README.md,3,current_baseline_sha256.json,exists
provenance/README.md,3,SOURCE_MIGRATION.md,exists
provenance/README.md,3,SELF_CONTAINMENT.md,exists
provenance/README.md,3,../data/record_bundle_manifest.json,exists
provenance/README.md,5,PUBLIC_RELEASE_CHECKLIST.md,exists
provenance/SELF_CONTAINMENT.md,11,../docs/REPRODUCIBILITY_LIMITS.md,exists
results/evidence_reassessment/README.md,3,../../docs/EVIDENCE_REASSESSMENT.md,exists
results/figure1_uncertainty/README.md,7,../../docs/FIGURE1_UNCERTAINTY.md,exists
results/historical_figure1/README.md,5,../../docs/FIGURE1_UNCERTAINTY.md,exists
scripts/figures/README.md,14,../../docs/EVIDENCE_REASSESSMENT.md,exists
studies/README.md,3,checkpoint_04/README.md,exists
studies/README.md,3,checkpoint_05/README.md,exists
studies/checkpoint_05/README.md,10,../../docs/REPRODUCTION.md,exists
